{
    "Palette 1": [
        [
            0.03071344457566738,
            0.028426039963960648,
            0.028426039963960648,
            1.0
        ],
        [
            0.23074005544185638,
            0.715693473815918,
            0.6239603757858276,
            1.0
        ],
        [
            0.6172065734863281,
            1.0,
            0.01032982300966978,
            1.0
        ],
        [
            0.22322796285152435,
            0.21952620148658752,
            0.15292614698410034,
            1.0
        ],
        [
            1.0,
            0.6583748459815979,
            0.5906188488006592,
            1.0
        ]
    ],
    "green": [
        [
            0.03071344457566738,
            0.028426039963960648,
            0.028426039963960648,
            1.0
        ],
        [
            0.23074005544185638,
            0.715693473815918,
            0.6239603757858276,
            1.0
        ],
        [
            0.6172065734863281,
            1.0,
            0.01032982300966978,
            1.0
        ],
        [
            0.22322796285152435,
            0.21952620148658752,
            0.15292614698410034,
            1.0
        ],
        [
            1.0,
            0.6583748459815979,
            0.5906188488006592,
            1.0
        ]
    ],
    "red": [
        [
            1.0,
            0.08003342151641846,
            0.10211613774299622,
            1.0
        ],
        [
            1.0,
            0.17203007638454437,
            0.19190452992916107,
            1.0
        ],
        [
            1.0,
            0.31002506613731384,
            0.32658711075782776,
            1.0
        ],
        [
            1.0,
            0.4480200409889221,
            0.46126967668533325,
            1.0
        ],
        [
            1.0,
            0.5400167107582092,
            0.5510580539703369,
            1.0
        ]
    ]
}